{"cameraMode":{"drawMode":0,"name":"Shaded","section":"Shading Mode"},"sceneLighting":false,"audioPlay":false,"sceneViewState":{"showFog":true,"showMaterialUpdate":false,"showSkybox":false,"showFlares":true,"showImageEffects":true,"showParticleSystems":true},"in2DMode":false,"pivot":{"x":-0.033289700746536258,"y":0.23466159403324128,"z":0.027837157249450685},"rotation":{"x":-0.4282114803791046,"y":-0.03198130801320076,"z":0.015166236087679863,"w":-0.9029855728149414},"size":1.0891021490097047,"orthographic":false}