{"cameraMode":{"drawMode":0,"name":"Shaded","section":"Shading Mode"},"sceneLighting":false,"audioPlay":false,"sceneViewState":{"showFog":true,"showMaterialUpdate":false,"showSkybox":false,"showFlares":true,"showImageEffects":true,"showParticleSystems":true},"in2DMode":false,"pivot":{"x":-0.005234867334365845,"y":0.798427939414978,"z":-0.001196354627609253},"rotation":{"x":-0.4282114803791046,"y":-0.03198130801320076,"z":0.015166236087679863,"w":-0.9029855728149414},"size":0.9635800123214722,"orthographic":false}