{"cameraMode":{"drawMode":0,"name":"Shaded","section":"Shading Mode"},"sceneLighting":false,"audioPlay":false,"sceneViewState":{"showFog":true,"showMaterialUpdate":false,"showSkybox":false,"showFlares":true,"showImageEffects":true,"showParticleSystems":true},"in2DMode":false,"pivot":{"x":0.003864884376525879,"y":0.6354995369911194,"z":-0.001174338161945343},"rotation":{"x":-0.4282114803791046,"y":-0.03198130801320076,"z":0.015166236087679863,"w":-0.9029855728149414},"size":0.8330940008163452,"orthographic":false}