{"cameraMode":{"drawMode":0,"name":"Shaded","section":"Shading Mode"},"sceneLighting":false,"audioPlay":false,"sceneViewState":{"showFog":true,"showMaterialUpdate":false,"showSkybox":false,"showFlares":true,"showImageEffects":true,"showParticleSystems":true},"in2DMode":false,"pivot":{"x":35.72999954223633,"y":1.9700005054473878,"z":59.22999572753906},"rotation":{"x":-0.3238784968852997,"y":-0.10134943574666977,"z":0.03491970896720886,"w":-0.940008282661438},"size":14.774402618408204,"orthographic":false}