{"cameraMode":{"drawMode":0,"name":"Shaded","section":"Shading Mode"},"sceneLighting":false,"audioPlay":false,"sceneViewState":{"showFog":true,"showMaterialUpdate":false,"showSkybox":false,"showFlares":true,"showImageEffects":true,"showParticleSystems":true},"in2DMode":false,"pivot":{"x":12.339330673217774,"y":3.7862188816070558,"z":-41.390480041503909},"rotation":{"x":-0.31712278723716738,"y":-0.0250360369682312,"z":0.008374742232263089,"w":-0.9480196237564087},"size":0.7059889435768127,"orthographic":false}