{"cameraMode":{"drawMode":0,"name":"Shaded","section":"Shading Mode"},"sceneLighting":false,"audioPlay":false,"sceneViewState":{"showFog":true,"showMaterialUpdate":false,"showSkybox":false,"showFlares":true,"showImageEffects":true,"showParticleSystems":true},"in2DMode":false,"pivot":{"x":0.00038461387157440186,"y":0.4153369069099426,"z":-4.470348358154297e-8},"rotation":{"x":-0.41077449917793276,"y":-0.004925635643303394,"z":0.002219384303316474,"w":-0.9117214679718018},"size":-0.09692883491516113,"orthographic":false}