{"cameraMode":{"drawMode":0,"name":"Shaded","section":"Shading Mode"},"sceneLighting":true,"audioPlay":false,"sceneViewState":{"showFog":true,"showMaterialUpdate":false,"showSkybox":true,"showFlares":true,"showImageEffects":true,"showParticleSystems":true},"in2DMode":false,"pivot":{"x":6.356310844421387,"y":0.5789512991905212,"z":3.7702507972717287},"rotation":{"x":-0.2574482858181,"y":-0.0804779976606369,"z":0.021521836519241334,"w":-0.9626950025558472},"size":0.8376918435096741,"orthographic":false}