{"cameraMode":{"drawMode":0,"name":"Shaded","section":"Shading Mode"},"sceneLighting":false,"audioPlay":false,"sceneViewState":{"showFog":true,"showMaterialUpdate":false,"showSkybox":false,"showFlares":true,"showImageEffects":true,"showParticleSystems":true},"in2DMode":false,"pivot":{"x":1.4901161193847657e-8,"y":0.245705708861351,"z":-7.450580596923828e-8},"rotation":{"x":-0.4282114803791046,"y":-0.03198130801320076,"z":0.015166236087679863,"w":-0.9029855728149414},"size":0.35109251737594607,"orthographic":false}