{"cameraMode":{"drawMode":0,"name":"Shaded","section":"Shading Mode"},"sceneLighting":false,"audioPlay":false,"sceneViewState":{"showFog":true,"showMaterialUpdate":false,"showSkybox":false,"showFlares":true,"showImageEffects":true,"showParticleSystems":true},"in2DMode":false,"pivot":{"x":0.0,"y":2.549499988555908,"z":-1.4539251327514649},"rotation":{"x":-0.35580208897590639,"y":-0.5014077425003052,"z":0.23656873404979707,"w":-0.7528000473976135},"size":15.469544410705567,"orthographic":false}