{"cameraMode":{"drawMode":0,"name":"Shaded","section":"Shading Mode"},"sceneLighting":false,"audioPlay":false,"sceneViewState":{"showFog":true,"showMaterialUpdate":false,"showSkybox":false,"showFlares":true,"showImageEffects":true,"showParticleSystems":true},"in2DMode":false,"pivot":{"x":0.017868518829345704,"y":3.585110664367676,"z":0.0028619766235351564},"rotation":{"x":0.12546826899051667,"y":0.8671556711196899,"z":-0.2726695239543915,"w":0.39776670932769778},"size":26.532779693603517,"orthographic":false}