{"cameraMode":{"drawMode":0,"name":"Shaded","section":"Shading Mode"},"sceneLighting":false,"audioPlay":false,"sceneViewState":{"showFog":true,"showMaterialUpdate":false,"showSkybox":false,"showFlares":true,"showImageEffects":true,"showParticleSystems":true},"in2DMode":false,"pivot":{"x":3.6832289695739748,"y":1.2196379899978638,"z":4.855295181274414},"rotation":{"x":-0.21607327461242677,"y":-0.5412461757659912,"z":0.1463020294904709,"w":-0.799352765083313},"size":6.023087024688721,"orthographic":false}