{"cameraMode":{"drawMode":0,"name":"Shaded","section":"Shading Mode"},"sceneLighting":false,"audioPlay":false,"sceneViewState":{"showFog":true,"showMaterialUpdate":false,"showSkybox":true,"showFlares":true,"showImageEffects":true,"showParticleSystems":true},"in2DMode":false,"pivot":{"x":6.6780900955200199,"y":-1.895266056060791,"z":-28.213420867919923},"rotation":{"x":-0.6537712216377258,"y":0.116908960044384,"z":-0.10322391986846924,"w":-0.7404467463493347},"size":79.75665283203125,"orthographic":false}