{"cameraMode":{"drawMode":0,"name":"Shaded","section":"Shading Mode"},"sceneLighting":false,"audioPlay":false,"sceneViewState":{"showFog":true,"showMaterialUpdate":false,"showSkybox":false,"showFlares":true,"showImageEffects":true,"showParticleSystems":true},"in2DMode":false,"pivot":{"x":-1.1052567958831788,"y":0.4077564477920532,"z":-3.264162063598633},"rotation":{"x":-0.4924006164073944,"y":0.28841423988342287,"z":-0.1779259890317917,"w":-0.8021194338798523},"size":3.9600346088409426,"orthographic":false}