{"cameraMode":{"drawMode":0,"name":"Shaded","section":"Shading Mode"},"sceneLighting":false,"audioPlay":false,"sceneViewState":{"showFog":true,"showMaterialUpdate":false,"showSkybox":true,"showFlares":true,"showImageEffects":true,"showParticleSystems":true},"in2DMode":false,"pivot":{"x":-3.2009406089782717,"y":6.505485534667969,"z":5.773467063903809},"rotation":{"x":-0.5319567918777466,"y":0.23101769387722016,"z":-0.1542702168226242,"w":-0.800287663936615},"size":16.71104621887207,"orthographic":false}