{"cameraMode":{"drawMode":0,"name":"Shaded","section":"Shading Mode"},"sceneLighting":false,"audioPlay":false,"sceneViewState":{"showFog":true,"showMaterialUpdate":false,"showSkybox":false,"showFlares":true,"showImageEffects":true,"showParticleSystems":true},"in2DMode":false,"pivot":{"x":0.0010495185852050782,"y":-0.0000725090503692627,"z":0.02743036299943924},"rotation":{"x":0.07891184836626053,"y":0.90753573179245,"z":-0.19647404551506043,"w":0.3631306290626526},"size":0.7097600102424622,"orthographic":false}