{"cameraMode":{"drawMode":0,"name":"Shaded","section":"Shading Mode"},"sceneLighting":false,"audioPlay":false,"sceneViewState":{"showFog":true,"showMaterialUpdate":false,"showSkybox":true,"showFlares":true,"showImageEffects":true,"showParticleSystems":true},"in2DMode":false,"pivot":{"x":-2.2606630325317385,"y":1.53922700881958,"z":-1.7884670495986939},"rotation":{"x":-0.4495633840560913,"y":0.04626326262950897,"z":-0.023523705080151559,"w":-0.8920850157737732},"size":8.29187297821045,"orthographic":false}