{"cameraMode":{"drawMode":0,"name":"Shaded","section":"Shading Mode"},"sceneLighting":false,"audioPlay":false,"sceneViewState":{"showFog":true,"showMaterialUpdate":false,"showSkybox":false,"showFlares":true,"showImageEffects":true,"showParticleSystems":true},"in2DMode":false,"pivot":{"x":-1.7108535766601563,"y":-0.6333589553833008,"z":0.6370996832847595},"rotation":{"x":-0.30745065212249758,"y":0.6628082990646362,"z":-0.34632986783981326,"w":-0.5884010195732117},"size":5.46348762512207,"orthographic":false}