{"cameraMode":{"drawMode":0,"name":"Shaded","section":"Shading Mode"},"sceneLighting":false,"audioPlay":false,"sceneViewState":{"showFog":true,"showMaterialUpdate":false,"showSkybox":false,"showFlares":true,"showImageEffects":true,"showParticleSystems":true},"in2DMode":false,"pivot":{"x":-2.3791897296905519,"y":0.1226273775100708,"z":1.7412378787994385},"rotation":{"x":-0.6537712216377258,"y":0.116908960044384,"z":-0.10322391986846924,"w":-0.7404467463493347},"size":1.9337701797485352,"orthographic":false}