{"cameraMode":{"drawMode":0,"name":"Shaded","section":"Shading Mode"},"sceneLighting":false,"audioPlay":false,"sceneViewState":{"showFog":true,"showMaterialUpdate":false,"showSkybox":true,"showFlares":true,"showImageEffects":true,"showParticleSystems":true},"in2DMode":false,"pivot":{"x":-17.0732479095459,"y":9.263708114624024,"z":0.006119072437286377},"rotation":{"x":-0.15688686072826386,"y":0.8431126475334168,"z":-0.3632495701313019,"w":-0.36413896083831789},"size":52.64010238647461,"orthographic":false}