{"cameraMode":{"drawMode":0,"name":"Shaded","section":"Shading Mode"},"sceneLighting":false,"audioPlay":false,"sceneViewState":{"showFog":true,"showMaterialUpdate":false,"showSkybox":true,"showFlares":true,"showImageEffects":true,"showParticleSystems":true},"in2DMode":false,"pivot":{"x":1.1448731422424317,"y":0.3599872589111328,"z":0.48981189727783205},"rotation":{"x":-0.3674570620059967,"y":-0.12592314183712007,"z":0.05025207996368408,"w":-0.9204946756362915},"size":14.504809379577637,"orthographic":false}