{"cameraMode":{"drawMode":0,"name":"Shaded","section":"Shading Mode"},"sceneLighting":false,"audioPlay":false,"sceneViewState":{"showFog":true,"showMaterialUpdate":false,"showSkybox":true,"showFlares":true,"showImageEffects":true,"showParticleSystems":true},"in2DMode":false,"pivot":{"x":-1.4502544403076172,"y":7.444000244140625,"z":-10.538810729980469},"rotation":{"x":-0.5447176694869995,"y":0.12765324115753175,"z":-0.08433136343955994,"w":-0.8245460391044617},"size":69.7734603881836,"orthographic":false}