{"cameraMode":{"drawMode":0,"name":"Shaded","section":"Shading Mode"},"sceneLighting":false,"audioPlay":false,"sceneViewState":{"showFog":true,"showMaterialUpdate":false,"showSkybox":false,"showFlares":true,"showImageEffects":true,"showParticleSystems":true},"in2DMode":false,"pivot":{"x":0.000644385814666748,"y":0.33735936880111697,"z":-2.9802322387695315e-8},"rotation":{"x":0.4141567647457123,"y":-0.055262356996536258,"z":0.025476627051830293,"w":0.9083293676376343},"size":0.7005972266197205,"orthographic":false}