{"cameraMode":{"drawMode":0,"name":"Shaded","section":"Shading Mode"},"sceneLighting":false,"audioPlay":false,"sceneViewState":{"showFog":true,"showMaterialUpdate":false,"showSkybox":false,"showFlares":true,"showImageEffects":true,"showParticleSystems":true},"in2DMode":false,"pivot":{"x":0.41310834884643557,"y":2.455545663833618,"z":0.4032316207885742},"rotation":{"x":0.11289926618337631,"y":0.7487581372261047,"z":-0.13170216977596284,"w":0.6401067972183228},"size":10.719212532043457,"orthographic":false}