{"cameraMode":{"drawMode":0,"name":"Shaded","section":"Shading Mode"},"sceneLighting":false,"audioPlay":false,"sceneViewState":{"showFog":true,"showMaterialUpdate":false,"showSkybox":false,"showFlares":true,"showImageEffects":true,"showParticleSystems":true},"in2DMode":false,"pivot":{"x":9.431355476379395,"y":0.8665432929992676,"z":-2.8805928230285646},"rotation":{"x":-0.31034836173057558,"y":0.6746073365211487,"z":-0.3824476897716522,"w":-0.550413191318512},"size":3.2877790927886965,"orthographic":false}