{"cameraMode":{"drawMode":0,"name":"Shaded","section":"Shading Mode"},"sceneLighting":false,"audioPlay":false,"sceneViewState":{"showFog":true,"showMaterialUpdate":false,"showSkybox":false,"showFlares":true,"showImageEffects":true,"showParticleSystems":true},"in2DMode":false,"pivot":{"x":-3541.526611328125,"y":-153.86941528320313,"z":108.28024291992188},"rotation":{"x":-0.4214371144771576,"y":0.03843922168016434,"z":-0.018316011875867845,"w":-0.9062298536300659},"size":4.824745178222656,"orthographic":false}