{"cameraMode":{"drawMode":0,"name":"Shaded","section":"Shading Mode"},"sceneLighting":false,"audioPlay":false,"sceneViewState":{"showFog":true,"showMaterialUpdate":false,"showSkybox":false,"showFlares":true,"showImageEffects":true,"showParticleSystems":true},"in2DMode":false,"pivot":{"x":0.0017247200012207032,"y":0.0016680359840393067,"z":-0.0007992982864379883},"rotation":{"x":0.4141567647457123,"y":-0.055262356996536258,"z":0.025476627051830293,"w":0.9083293676376343},"size":2.4452738761901857,"orthographic":false}