{"cameraMode":{"drawMode":0,"name":"Shaded","section":"Shading Mode"},"sceneLighting":false,"audioPlay":false,"sceneViewState":{"showFog":true,"showMaterialUpdate":false,"showSkybox":true,"showFlares":true,"showImageEffects":true,"showParticleSystems":true},"in2DMode":false,"pivot":{"x":24.79601287841797,"y":0.1315479278564453,"z":-13.305403709411621},"rotation":{"x":0.04097529873251915,"y":0.9199396967887878,"z":-0.3768664598464966,"w":0.10002172738313675},"size":60.841590881347659,"orthographic":false}