{"cameraMode":{"drawMode":0,"name":"Shaded","section":"Shading Mode"},"sceneLighting":false,"audioPlay":false,"sceneViewState":{"showFog":true,"showMaterialUpdate":false,"showSkybox":false,"showFlares":true,"showImageEffects":true,"showParticleSystems":true},"in2DMode":false,"pivot":{"x":-0.025491982698440553,"y":0.5722152590751648,"z":-0.2780681252479553},"rotation":{"x":0.41586536169052126,"y":-0.13227994740009309,"z":0.06150473654270172,"w":0.8978052139282227},"size":2.359924077987671,"orthographic":false}