{"cameraMode":{"drawMode":0,"name":"Shaded","section":"Shading Mode"},"sceneLighting":false,"audioPlay":false,"sceneViewState":{"showFog":true,"showMaterialUpdate":false,"showSkybox":true,"showFlares":true,"showImageEffects":true,"showParticleSystems":true},"in2DMode":false,"pivot":{"x":2.4297726154327394,"y":1.7869701385498047,"z":1.871962070465088},"rotation":{"x":-0.398800253868103,"y":0.19335727393627168,"z":-0.08703640848398209,"w":-0.8925759196281433},"size":7.948860168457031,"orthographic":false}