{"cameraMode":{"drawMode":0,"name":"Shaded","section":"Shading Mode"},"sceneLighting":false,"audioPlay":false,"sceneViewState":{"showFog":true,"showMaterialUpdate":false,"showSkybox":false,"showFlares":true,"showImageEffects":true,"showParticleSystems":true},"in2DMode":false,"pivot":{"x":0.04999636113643646,"y":3.213590145111084,"z":-0.018565654754638673},"rotation":{"x":-0.3271632492542267,"y":0.12621307373046876,"z":-0.04411960020661354,"w":-0.9358441233634949},"size":3.4908242225646974,"orthographic":false}