{"cameraMode":{"drawMode":0,"name":"Shaded","section":"Shading Mode"},"sceneLighting":false,"audioPlay":false,"sceneViewState":{"showFog":true,"showMaterialUpdate":false,"showSkybox":true,"showFlares":true,"showImageEffects":true,"showParticleSystems":true},"in2DMode":false,"pivot":{"x":-4.806541919708252,"y":-5.085247039794922,"z":-1.9109115600585938},"rotation":{"x":-0.46557191014289858,"y":-0.045920480042696,"z":0.023627372458577157,"w":-0.8838207125663757},"size":47.93852996826172,"orthographic":false}