{"cameraMode":{"drawMode":0,"name":"Shaded","section":"Shading Mode"},"sceneLighting":false,"audioPlay":false,"sceneViewState":{"showFog":true,"showMaterialUpdate":false,"showSkybox":true,"showFlares":true,"showImageEffects":true,"showParticleSystems":true},"in2DMode":false,"pivot":{"x":-0.2831493616104126,"y":0.7908902168273926,"z":0.03447532653808594},"rotation":{"x":-0.10067341476678848,"y":0.0020244354382157327,"z":-0.0006231499137356877,"w":-0.9952569603919983},"size":13.200770378112793,"orthographic":false}