{"cameraMode":{"drawMode":0,"name":"Shaded","section":"Shading Mode"},"sceneLighting":false,"audioPlay":false,"sceneViewState":{"showFog":true,"showMaterialUpdate":false,"showSkybox":false,"showFlares":true,"showImageEffects":true,"showParticleSystems":true},"in2DMode":false,"pivot":{"x":0.000026941299438476563,"y":0.2662110924720764,"z":0.00006115436553955078},"rotation":{"x":0.4141567647457123,"y":-0.055262356996536258,"z":0.025476627051830293,"w":0.9083293676376343},"size":4.410478591918945,"orthographic":false}