{"cameraMode":{"drawMode":0,"name":"Shaded","section":"Shading Mode"},"sceneLighting":false,"audioPlay":false,"sceneViewState":{"showFog":true,"showMaterialUpdate":false,"showSkybox":false,"showFlares":true,"showImageEffects":true,"showParticleSystems":true},"in2DMode":false,"pivot":{"x":-2.8319735527038576,"y":3.324965715408325,"z":-2.077706813812256},"rotation":{"x":-0.1943618506193161,"y":-0.34294503927230837,"z":0.07228349894285202,"w":-0.9165509939193726},"size":4.333763599395752,"orthographic":false}