{"cameraMode":{"drawMode":0,"name":"Shaded","section":"Shading Mode"},"sceneLighting":false,"audioPlay":false,"sceneViewState":{"showFog":true,"showMaterialUpdate":false,"showSkybox":false,"showFlares":true,"showImageEffects":true,"showParticleSystems":true},"in2DMode":false,"pivot":{"x":-1.9600000381469727,"y":1.2200000286102296,"z":-2.8600001335144045},"rotation":{"x":-0.3662627041339874,"y":-0.04570949822664261,"z":0.017431283369660379,"w":-0.9295631051063538},"size":4.166025161743164,"orthographic":false}