{"cameraMode":{"drawMode":0,"name":"Shaded","section":"Shading Mode"},"sceneLighting":false,"audioPlay":false,"sceneViewState":{"showFog":true,"showMaterialUpdate":false,"showSkybox":true,"showFlares":true,"showImageEffects":true,"showParticleSystems":true},"in2DMode":false,"pivot":{"x":-0.09724633395671845,"y":1.800226092338562,"z":6.035799980163574},"rotation":{"x":0.24497650563716889,"y":-0.00581713393330574,"z":0.001469876035116613,"w":0.9695102572441101},"size":49.33818054199219,"orthographic":false}