{"cameraMode":{"drawMode":0,"name":"Shaded","section":"Shading Mode"},"sceneLighting":false,"audioPlay":false,"sceneViewState":{"showFog":true,"showMaterialUpdate":false,"showSkybox":false,"showFlares":true,"showImageEffects":true,"showParticleSystems":true},"in2DMode":false,"pivot":{"x":0.0006371140480041504,"y":1.2818903923034669,"z":0.006947875022888184},"rotation":{"x":0.29130566120147707,"y":0.04084000363945961,"z":-0.012172842398285866,"w":0.9558437466621399},"size":2.1379058361053469,"orthographic":false}