{"cameraMode":{"drawMode":0,"name":"Shaded","section":"Shading Mode"},"sceneLighting":false,"audioPlay":false,"sceneViewState":{"showFog":true,"showMaterialUpdate":false,"showSkybox":true,"showFlares":true,"showImageEffects":true,"showParticleSystems":true},"in2DMode":false,"pivot":{"x":1.7975831031799317,"y":1.6460485458374024,"z":-2.871434211730957},"rotation":{"x":-0.3662627041339874,"y":-0.04570949822664261,"z":0.017431283369660379,"w":-0.9295631051063538},"size":6.586037635803223,"orthographic":false}