{"cameraMode":{"drawMode":0,"name":"Shaded","section":"Shading Mode"},"sceneLighting":false,"audioPlay":false,"sceneViewState":{"showFog":true,"showMaterialUpdate":false,"showSkybox":false,"showFlares":true,"showImageEffects":true,"showParticleSystems":true},"in2DMode":false,"pivot":{"x":-0.1599729061126709,"y":1.8448811769485474,"z":-0.024297475814819337},"rotation":{"x":0.5401026606559753,"y":0.0548391155898571,"z":-0.03505297750234604,"w":0.8392645120620728},"size":8.36380672454834,"orthographic":false}