{"cameraMode":{"drawMode":0,"name":"Shaded","section":"Shading Mode"},"sceneLighting":false,"audioPlay":false,"sceneViewState":{"showFog":true,"showMaterialUpdate":false,"showSkybox":true,"showFlares":true,"showImageEffects":true,"showParticleSystems":true},"in2DMode":false,"pivot":{"x":241.1453094482422,"y":1159.74658203125,"z":-32.453887939453128},"rotation":{"x":-0.08722478151321411,"y":-0.0036133963149040939,"z":0.00022035225993022323,"w":-0.9964835047721863},"size":730.5523681640625,"orthographic":false}