{"cameraMode":{"drawMode":0,"name":"Shaded","section":"Shading Mode"},"sceneLighting":false,"audioPlay":false,"sceneViewState":{"showFog":true,"showMaterialUpdate":false,"showSkybox":false,"showFlares":true,"showImageEffects":true,"showParticleSystems":true},"in2DMode":false,"pivot":{"x":-5.340000152587891,"y":0.5800000429153442,"z":-1.4299999475479127},"rotation":{"x":-0.27158406376838686,"y":0.6692022681236267,"z":-0.28982236981391909,"w":-0.6285255551338196},"size":3.552030563354492,"orthographic":false}