{"cameraMode":{"drawMode":0,"name":"Shaded","section":"Shading Mode"},"sceneLighting":false,"audioPlay":false,"sceneViewState":{"showFog":true,"showMaterialUpdate":false,"showSkybox":false,"showFlares":true,"showImageEffects":true,"showParticleSystems":true},"in2DMode":false,"pivot":{"x":-3.106578826904297,"y":-2.119809150695801,"z":0.13444726169109345},"rotation":{"x":-0.30337217450141909,"y":-0.6489617228507996,"z":0.31603407859802248,"w":-0.6225367188453674},"size":10.190851211547852,"orthographic":false}