{"cameraMode":{"drawMode":0,"name":"Shaded","section":"Shading Mode"},"sceneLighting":false,"audioPlay":false,"sceneViewState":{"showFog":true,"showMaterialUpdate":false,"showSkybox":false,"showFlares":true,"showImageEffects":true,"showParticleSystems":true},"in2DMode":false,"pivot":{"x":-0.033289700746536258,"y":0.23466159403324128,"z":0.027837157249450685},"rotation":{"x":0.4141567647457123,"y":-0.055262356996536258,"z":0.025476627051830293,"w":0.9083293676376343},"size":3.5940370559692385,"orthographic":false}