{"cameraMode":{"drawMode":0,"name":"Shaded","section":"Shading Mode"},"sceneLighting":false,"audioPlay":false,"sceneViewState":{"showFog":true,"showMaterialUpdate":false,"showSkybox":true,"showFlares":true,"showImageEffects":true,"showParticleSystems":true},"in2DMode":false,"pivot":{"x":1011.119140625,"y":642.4130859375,"z":35.668701171875},"rotation":{"x":-0.08422238379716873,"y":-0.02638106234371662,"z":0.001733023556880653,"w":-0.9964250326156616},"size":884.3073120117188,"orthographic":false}