{"cameraMode":{"drawMode":0,"name":"Shaded","section":"Shading Mode"},"sceneLighting":false,"audioPlay":false,"sceneViewState":{"showFog":true,"showMaterialUpdate":false,"showSkybox":true,"showFlares":true,"showImageEffects":true,"showParticleSystems":true},"in2DMode":false,"pivot":{"x":369.127197265625,"y":299.16595458984377,"z":-4.38836669921875},"rotation":{"x":-0.10067341476678848,"y":0.0020244354382157327,"z":-0.0006231499137356877,"w":-0.9952569603919983},"size":511.60174560546877,"orthographic":false}