{"cameraMode":{"drawMode":0,"name":"Shaded","section":"Shading Mode"},"sceneLighting":false,"audioPlay":false,"sceneViewState":{"showFog":true,"showMaterialUpdate":false,"showSkybox":true,"showFlares":true,"showImageEffects":true,"showParticleSystems":true},"in2DMode":false,"pivot":{"x":983.0637817382813,"y":-12.284475326538086,"z":-272.8204345703125},"rotation":{"x":-0.28284403681755068,"y":-0.029326556250452997,"z":0.008802179247140885,"w":-0.959001898765564},"size":4788.13623046875,"orthographic":false}