{"cameraMode":{"drawMode":0,"name":"Shaded","section":"Shading Mode"},"sceneLighting":false,"audioPlay":false,"sceneViewState":{"showFog":true,"showMaterialUpdate":false,"showSkybox":false,"showFlares":true,"showImageEffects":true,"showParticleSystems":true},"in2DMode":false,"pivot":{"x":-0.15099811553955079,"y":2.2050020694732668,"z":-0.27155542373657229},"rotation":{"x":0.13867010176181794,"y":0.17646387219429017,"z":-0.024732019752264024,"w":0.9743133187294006},"size":22.981626510620118,"orthographic":false}