{"cameraMode":{"drawMode":0,"name":"Shaded","section":"Shading Mode"},"sceneLighting":false,"audioPlay":false,"sceneViewState":{"showFog":true,"showMaterialUpdate":false,"showSkybox":true,"showFlares":true,"showImageEffects":true,"showParticleSystems":true},"in2DMode":false,"pivot":{"x":-2.384185791015625e-7,"y":0.8040616512298584,"z":0.03830564022064209},"rotation":{"x":-0.2701137363910675,"y":-0.6520235538482666,"z":0.2681207060813904,"w":-0.6562251448631287},"size":48.889732360839847,"orthographic":false}