{"cameraMode":{"drawMode":0,"name":"Shaded","section":"Shading Mode"},"sceneLighting":false,"audioPlay":false,"sceneViewState":{"showFog":true,"showMaterialUpdate":false,"showSkybox":false,"showFlares":true,"showImageEffects":true,"showParticleSystems":true},"in2DMode":false,"pivot":{"x":0.0,"y":0.7500001192092896,"z":-5.960464477539063e-8},"rotation":{"x":-0.35580208897590639,"y":-0.5014077425003052,"z":0.23656873404979707,"w":-0.7528000473976135},"size":2.9213552474975588,"orthographic":false}