{"cameraMode":{"drawMode":0,"name":"Shaded","section":"Shading Mode"},"sceneLighting":false,"audioPlay":false,"sceneViewState":{"showFog":true,"showMaterialUpdate":false,"showSkybox":true,"showFlares":true,"showImageEffects":true,"showParticleSystems":true},"in2DMode":false,"pivot":{"x":-13.881752014160157,"y":13.477561950683594,"z":-1.2186850309371949},"rotation":{"x":-0.30337217450141909,"y":-0.6489617228507996,"z":0.31603407859802248,"w":-0.6225367188453674},"size":17.62854766845703,"orthographic":false}