{"cameraMode":{"drawMode":0,"name":"Shaded","section":"Shading Mode"},"sceneLighting":false,"audioPlay":false,"sceneViewState":{"showFog":true,"showMaterialUpdate":false,"showSkybox":true,"showFlares":true,"showImageEffects":true,"showParticleSystems":true},"in2DMode":false,"pivot":{"x":6.825937271118164,"y":-1.8806512355804444,"z":-0.740015983581543},"rotation":{"x":-0.36667776107788088,"y":0.004580663051456213,"z":-0.002230144804343581,"w":-0.930692195892334},"size":32.26579284667969,"orthographic":false}