{"cameraMode":{"drawMode":0,"name":"Shaded","section":"Shading Mode"},"sceneLighting":false,"audioPlay":false,"sceneViewState":{"showFog":true,"showMaterialUpdate":false,"showSkybox":false,"showFlares":true,"showImageEffects":true,"showParticleSystems":true},"in2DMode":false,"pivot":{"x":-10.278383255004883,"y":0.8245001435279846,"z":27.05124855041504},"rotation":{"x":0.18684814870357514,"y":0.7593905329704285,"z":-0.2482016384601593,"w":0.5716759562492371},"size":3.8244998455047609,"orthographic":false}