{"cameraMode":{"drawMode":0,"name":"Shaded","section":"Shading Mode"},"sceneLighting":false,"audioPlay":false,"sceneViewState":{"showFog":true,"showMaterialUpdate":false,"showSkybox":true,"showFlares":true,"showImageEffects":true,"showParticleSystems":true},"in2DMode":false,"pivot":{"x":3.2750039100646974,"y":-2.858837127685547,"z":-2.9933090209960939},"rotation":{"x":-0.35254165530204775,"y":0.0271894633769989,"z":-0.010259808041155339,"w":-0.9357276558876038},"size":14.235170364379883,"orthographic":false}