{"cameraMode":{"drawMode":0,"name":"Shaded","section":"Shading Mode"},"sceneLighting":false,"audioPlay":false,"sceneViewState":{"showFog":true,"showMaterialUpdate":false,"showSkybox":false,"showFlares":true,"showImageEffects":true,"showParticleSystems":true},"in2DMode":false,"pivot":{"x":0.14191055297851563,"y":0.12104561924934387,"z":0.03813743591308594},"rotation":{"x":-0.3855900466442108,"y":-0.04370426386594772,"z":0.018314622342586519,"w":-0.9214761853218079},"size":6.5028510093688969,"orthographic":false}