{"cameraMode":{"drawMode":0,"name":"Shaded","section":"Shading Mode"},"sceneLighting":false,"audioPlay":false,"sceneViewState":{"showFog":true,"showMaterialUpdate":false,"showSkybox":true,"showFlares":true,"showImageEffects":true,"showParticleSystems":true},"in2DMode":false,"pivot":{"x":5.555168151855469,"y":4.955005645751953,"z":-3.1595458984375},"rotation":{"x":-0.4114569127559662,"y":-0.052726808935403827,"z":0.023851172998547555,"w":-0.9095901250839233},"size":58.36654281616211,"orthographic":false}