{"cameraMode":{"drawMode":0,"name":"Shaded","section":"Shading Mode"},"sceneLighting":false,"audioPlay":false,"sceneViewState":{"showFog":true,"showMaterialUpdate":false,"showSkybox":false,"showFlares":true,"showImageEffects":true,"showParticleSystems":true},"in2DMode":false,"pivot":{"x":0.0030398061498999597,"y":0.3609452545642853,"z":-0.5034175515174866},"rotation":{"x":-0.35683301091194155,"y":0.014774791896343232,"z":-0.005859604105353355,"w":-0.9343622922897339},"size":2.902211904525757,"orthographic":false}