{"cameraMode":{"drawMode":0,"name":"Shaded","section":"Shading Mode"},"sceneLighting":false,"audioPlay":false,"sceneViewState":{"showFog":true,"showMaterialUpdate":false,"showSkybox":false,"showFlares":true,"showImageEffects":true,"showParticleSystems":true},"in2DMode":false,"pivot":{"x":0.0019418597221374512,"y":0.3572443127632141,"z":0.009753882884979248},"rotation":{"x":0.4141567647457123,"y":-0.055262356996536258,"z":0.025476627051830293,"w":0.9083293676376343},"size":1.823239803314209,"orthographic":false}