{"cameraMode":{"drawMode":0,"name":"Shaded","section":"Shading Mode"},"sceneLighting":false,"audioPlay":false,"sceneViewState":{"showFog":true,"showMaterialUpdate":false,"showSkybox":false,"showFlares":true,"showImageEffects":true,"showParticleSystems":true},"in2DMode":false,"pivot":{"x":-9.829999923706055,"y":-0.565000057220459,"z":4.470348358154297e-8},"rotation":{"x":-0.25594034790992739,"y":0.13226178288459779,"z":-0.03576282784342766,"w":-0.9572610259056091},"size":0.8750001192092896,"orthographic":false}