{"cameraMode":{"drawMode":0,"name":"Shaded","section":"Shading Mode"},"sceneLighting":false,"audioPlay":false,"sceneViewState":{"showFog":true,"showMaterialUpdate":false,"showSkybox":false,"showFlares":true,"showImageEffects":true,"showParticleSystems":true},"in2DMode":false,"pivot":{"x":1.6283197402954102,"y":2.5428662300109865,"z":0.3298177719116211},"rotation":{"x":-0.0304105207324028,"y":0.9547484517097473,"z":-0.10496476292610169,"w":-0.2766108214855194},"size":4.186048984527588,"orthographic":false}