{"cameraMode":{"drawMode":0,"name":"Shaded","section":"Shading Mode"},"sceneLighting":false,"audioPlay":false,"sceneViewState":{"showFog":true,"showMaterialUpdate":false,"showSkybox":false,"showFlares":true,"showImageEffects":true,"showParticleSystems":true},"in2DMode":false,"pivot":{"x":-3541.526611328125,"y":-153.86941528320313,"z":108.28024291992188},"rotation":{"x":-0.1871267408132553,"y":-0.7348096966743469,"z":0.223658949136734,"w":-0.6129413843154907},"size":0.8660253882408142,"orthographic":false}