{"cameraMode":{"drawMode":0,"name":"Shaded","section":"Shading Mode"},"sceneLighting":false,"audioPlay":false,"sceneViewState":{"showFog":true,"showMaterialUpdate":false,"showSkybox":false,"showFlares":true,"showImageEffects":true,"showParticleSystems":true},"in2DMode":false,"pivot":{"x":-2.9671671390533449,"y":1.3043739795684815,"z":2.2647292613983156},"rotation":{"x":-0.347053200006485,"y":-0.21873921155929566,"z":0.08315151929855347,"w":-0.9085025191307068},"size":3.4311952590942385,"orthographic":false}