{"cameraMode":{"drawMode":0,"name":"Shaded","section":"Shading Mode"},"sceneLighting":false,"audioPlay":false,"sceneViewState":{"showFog":true,"showMaterialUpdate":false,"showSkybox":true,"showFlares":true,"showImageEffects":true,"showParticleSystems":true},"in2DMode":false,"pivot":{"x":-3.3692855834960939,"y":-9.235763549804688,"z":8.954442977905274},"rotation":{"x":-0.3101506531238556,"y":0.6358937621116638,"z":-0.31070879101753237,"w":-0.634752631187439},"size":101.62449645996094,"orthographic":false}