{"cameraMode":{"drawMode":0,"name":"Shaded","section":"Shading Mode"},"sceneLighting":false,"audioPlay":false,"sceneViewState":{"showFog":true,"showMaterialUpdate":false,"showSkybox":false,"showFlares":true,"showImageEffects":true,"showParticleSystems":true},"in2DMode":false,"pivot":{"x":0.003864884376525879,"y":0.6354995369911194,"z":-0.001174338161945343},"rotation":{"x":0.5401026606559753,"y":0.0548391155898571,"z":-0.03505297750234604,"w":0.8392645120620728},"size":0.8330940008163452,"orthographic":false}