{"cameraMode":{"drawMode":0,"name":"Shaded","section":"Shading Mode"},"sceneLighting":false,"audioPlay":false,"sceneViewState":{"showFog":true,"showMaterialUpdate":false,"showSkybox":false,"showFlares":true,"showImageEffects":true,"showParticleSystems":true},"in2DMode":false,"pivot":{"x":0.07125580310821533,"y":0.6131629943847656,"z":2.1355066299438478},"rotation":{"x":-0.2996624708175659,"y":-0.1093403697013855,"z":0.03459937870502472,"w":-0.9475067853927612},"size":5.303203582763672,"orthographic":false}