{"cameraMode":{"drawMode":0,"name":"Shaded","section":"Shading Mode"},"sceneLighting":false,"audioPlay":false,"sceneViewState":{"showFog":true,"showMaterialUpdate":false,"showSkybox":true,"showFlares":true,"showImageEffects":true,"showParticleSystems":true},"in2DMode":false,"pivot":{"x":1264.1549072265625,"y":747.2433471679688,"z":-0.7568359375},"rotation":{"x":0.016191553324460985,"y":-0.003916529007256031,"z":-0.00046873834799043834,"w":-1.0001949071884156},"size":1259.065185546875,"orthographic":false}