{"cameraMode":{"drawMode":0,"name":"Shaded","section":"Shading Mode"},"sceneLighting":false,"audioPlay":false,"sceneViewState":{"showFog":true,"showMaterialUpdate":false,"showSkybox":true,"showFlares":true,"showImageEffects":true,"showParticleSystems":true},"in2DMode":false,"pivot":{"x":6.321498870849609,"y":0.4441795349121094,"z":3.055793285369873},"rotation":{"x":-0.29517248272895815,"y":0.5885947942733765,"z":-0.24461902678012849,"w":-0.7121657133102417},"size":13.129150390625,"orthographic":false}