{"cameraMode":{"drawMode":0,"name":"Shaded","section":"Shading Mode"},"sceneLighting":false,"audioPlay":false,"sceneViewState":{"showFog":true,"showMaterialUpdate":false,"showSkybox":false,"showFlares":true,"showImageEffects":true,"showParticleSystems":true},"in2DMode":false,"pivot":{"x":1.8037924766540528,"y":0.7552307844161987,"z":1.8328124284744263},"rotation":{"x":-0.2996624708175659,"y":-0.1093403697013855,"z":0.03459937870502472,"w":-0.9475067853927612},"size":4.103202819824219,"orthographic":false}