{"cameraMode":{"drawMode":0,"name":"Shaded","section":"Shading Mode"},"sceneLighting":false,"audioPlay":false,"sceneViewState":{"showFog":true,"showMaterialUpdate":false,"showSkybox":true,"showFlares":true,"showImageEffects":true,"showParticleSystems":true},"in2DMode":false,"pivot":{"x":9.346657752990723,"y":8.568666458129883,"z":22.906496047973634},"rotation":{"x":-0.44289520382881167,"y":0.08371716737747193,"z":-0.041515052318573,"w":-0.892099142074585},"size":24.342220306396486,"orthographic":false}