{"cameraMode":{"drawMode":0,"name":"Shaded","section":"Shading Mode"},"sceneLighting":false,"audioPlay":false,"sceneViewState":{"showFog":true,"showMaterialUpdate":false,"showSkybox":true,"showFlares":true,"showImageEffects":true,"showParticleSystems":true},"in2DMode":false,"pivot":{"x":-2.0540032386779787,"y":0.3405647277832031,"z":2.6925530433654787},"rotation":{"x":-0.44273802638053896,"y":0.14614799618721009,"z":-0.07369823753833771,"w":-0.8819154500961304},"size":18.385223388671876,"orthographic":false}