{"cameraMode":{"drawMode":0,"name":"Shaded","section":"Shading Mode"},"sceneLighting":false,"audioPlay":false,"sceneViewState":{"showFog":true,"showMaterialUpdate":false,"showSkybox":false,"showFlares":true,"showImageEffects":true,"showParticleSystems":true},"in2DMode":false,"pivot":{"x":-4.3339385986328129,"y":0.9515180587768555,"z":-3.1599812507629396},"rotation":{"x":-0.28884419798851015,"y":0.0892641693353653,"z":-0.027732912451028825,"w":-0.9531324505805969},"size":3.9124350547790529,"orthographic":false}