{"cameraMode":{"drawMode":0,"name":"Shaded","section":"Shading Mode"},"sceneLighting":false,"audioPlay":false,"sceneViewState":{"showFog":true,"showMaterialUpdate":false,"showSkybox":false,"showFlares":true,"showImageEffects":true,"showParticleSystems":true},"in2DMode":false,"pivot":{"x":-4.43074369430542,"y":0.7727623581886292,"z":-1.0561168193817139},"rotation":{"x":-0.28302910923957827,"y":0.5649065971374512,"z":-0.21507211029529572,"w":-0.745052695274353},"size":3.975511074066162,"orthographic":false}