{"cameraMode":{"drawMode":0,"name":"Shaded","section":"Shading Mode"},"sceneLighting":false,"audioPlay":false,"sceneViewState":{"showFog":true,"showMaterialUpdate":false,"showSkybox":false,"showFlares":true,"showImageEffects":true,"showParticleSystems":true},"in2DMode":false,"pivot":{"x":0.003922581672668457,"y":0.5671582221984863,"z":1.8004629611968995},"rotation":{"x":-0.4180207848548889,"y":0.17842994630336762,"z":-0.08432788401842118,"w":-0.8870893120765686},"size":1.8365387916564942,"orthographic":false}