{"cameraMode":{"drawMode":0,"name":"Shaded","section":"Shading Mode"},"sceneLighting":false,"audioPlay":false,"sceneViewState":{"showFog":true,"showMaterialUpdate":false,"showSkybox":false,"showFlares":true,"showImageEffects":true,"showParticleSystems":true},"in2DMode":false,"pivot":{"x":-0.6289293766021729,"y":-0.13232582807540894,"z":1.2297873497009278},"rotation":{"x":-0.3141244649887085,"y":0.4178875684738159,"z":-0.15725094079971314,"w":-0.8382600545883179},"size":4.691981315612793,"orthographic":false}