{"cameraMode":{"drawMode":0,"name":"Shaded","section":"Shading Mode"},"sceneLighting":false,"audioPlay":false,"sceneViewState":{"showFog":true,"showMaterialUpdate":false,"showSkybox":false,"showFlares":true,"showImageEffects":true,"showParticleSystems":true},"in2DMode":false,"pivot":{"x":0.12270569801330567,"y":0.42305612564086916,"z":1.5496364831924439},"rotation":{"x":-0.15733754634857179,"y":-0.7918515801429749,"z":0.22824373841285706,"w":-0.544739842414856},"size":4.100722312927246,"orthographic":false}