{"cameraMode":{"drawMode":0,"name":"Shaded","section":"Shading Mode"},"sceneLighting":false,"audioPlay":false,"sceneViewState":{"showFog":true,"showMaterialUpdate":false,"showSkybox":false,"showFlares":true,"showImageEffects":true,"showParticleSystems":true},"in2DMode":false,"pivot":{"x":4.085041046142578,"y":1.18550443649292,"z":-2.88590931892395},"rotation":{"x":-0.27698227763175967,"y":0.03786639869213104,"z":-0.011548624373972416,"w":-0.9603875875473023},"size":2.7953922748565676,"orthographic":false}