{"cameraMode":{"drawMode":0,"name":"Shaded","section":"Shading Mode"},"sceneLighting":false,"audioPlay":false,"sceneViewState":{"showFog":true,"showMaterialUpdate":false,"showSkybox":true,"showFlares":true,"showImageEffects":true,"showParticleSystems":true},"in2DMode":false,"pivot":{"x":1184.3896484375,"y":487.4342041015625,"z":-193.5419921875},"rotation":{"x":-0.15272893011569978,"y":-0.0199064202606678,"z":0.0029022907838225366,"w":-0.9883732199668884},"size":2429.23486328125,"orthographic":false}