{"cameraMode":{"drawMode":0,"name":"Shaded","section":"Shading Mode"},"sceneLighting":false,"audioPlay":false,"sceneViewState":{"showFog":true,"showMaterialUpdate":false,"showSkybox":false,"showFlares":true,"showImageEffects":true,"showParticleSystems":true},"in2DMode":false,"pivot":{"x":0.09244918823242188,"y":3.8487768173217775,"z":-0.48990488052368166},"rotation":{"x":0.38515031337738039,"y":0.06429178267717362,"z":-0.026589984074234964,"w":0.9203710556030273},"size":25.778053283691408,"orthographic":false}