{"cameraMode":{"drawMode":0,"name":"Shaded","section":"Shading Mode"},"sceneLighting":false,"audioPlay":false,"sceneViewState":{"showFog":true,"showMaterialUpdate":false,"showSkybox":true,"showFlares":true,"showImageEffects":true,"showParticleSystems":true},"in2DMode":false,"pivot":{"x":-15.851616859436036,"y":-11.782350540161133,"z":-6.16939640045166},"rotation":{"x":-0.5447176694869995,"y":0.12765324115753175,"z":-0.08433136343955994,"w":-0.8245460391044617},"size":80.28703308105469,"orthographic":false}