{"cameraMode":{"drawMode":0,"name":"Shaded","section":"Shading Mode"},"sceneLighting":false,"audioPlay":false,"sceneViewState":{"showFog":true,"showMaterialUpdate":false,"showSkybox":false,"showFlares":true,"showImageEffects":true,"showParticleSystems":true},"in2DMode":false,"pivot":{"x":0.4367098808288574,"y":1.693758487701416,"z":0.6916062831878662},"rotation":{"x":-0.14877638220787049,"y":-0.7014849185943604,"z":0.15275932848453523,"w":-0.6805407404899597},"size":4.552187919616699,"orthographic":false}