{"cameraMode":{"drawMode":0,"name":"Shaded","section":"Shading Mode"},"sceneLighting":false,"audioPlay":false,"sceneViewState":{"showFog":true,"showMaterialUpdate":false,"showSkybox":true,"showFlares":true,"showImageEffects":true,"showParticleSystems":true},"in2DMode":false,"pivot":{"x":1316.0655517578125,"y":552.17919921875,"z":19.48876953125},"rotation":{"x":-0.08570056408643723,"y":0.009561565704643727,"z":-0.0008225840865634382,"w":-0.996275007724762},"size":1076.5751953125,"orthographic":false}