{"cameraMode":{"drawMode":0,"name":"Shaded","section":"Shading Mode"},"sceneLighting":false,"audioPlay":false,"sceneViewState":{"showFog":true,"showMaterialUpdate":false,"showSkybox":false,"showFlares":true,"showImageEffects":true,"showParticleSystems":true},"in2DMode":false,"pivot":{"x":-11.535927772521973,"y":-8.51315689086914,"z":-2.959228277206421},"rotation":{"x":-0.11609125137329102,"y":0.7151281237602234,"z":-0.12238889932632446,"w":-0.6783344745635986},"size":23.93946647644043,"orthographic":false}