{"cameraMode":{"drawMode":0,"name":"Shaded","section":"Shading Mode"},"sceneLighting":false,"audioPlay":false,"sceneViewState":{"showFog":true,"showMaterialUpdate":false,"showSkybox":true,"showFlares":true,"showImageEffects":true,"showParticleSystems":true},"in2DMode":false,"pivot":{"x":-0.5048649311065674,"y":-0.7896690964698792,"z":2.385930061340332},"rotation":{"x":-0.4582144320011139,"y":-0.002362095285207033,"z":0.0007090492290444672,"w":-0.889219343662262},"size":7.328792095184326,"orthographic":false}