{"cameraMode":{"drawMode":0,"name":"Shaded","section":"Shading Mode"},"sceneLighting":false,"audioPlay":false,"sceneViewState":{"showFog":true,"showMaterialUpdate":false,"showSkybox":true,"showFlares":true,"showImageEffects":true,"showParticleSystems":true},"in2DMode":false,"pivot":{"x":9.101778030395508,"y":-1.4190893173217774,"z":2.462761878967285},"rotation":{"x":-0.3983866274356842,"y":0.014304989017546177,"z":-0.006214211694896221,"w":-0.9170854091644287},"size":7.696747779846191,"orthographic":false}