{"cameraMode":{"drawMode":0,"name":"Shaded","section":"Shading Mode"},"sceneLighting":false,"audioPlay":false,"sceneViewState":{"showFog":true,"showMaterialUpdate":false,"showSkybox":false,"showFlares":true,"showImageEffects":true,"showParticleSystems":true},"in2DMode":false,"pivot":{"x":-3.9249367713928224,"y":-0.37590694427490237,"z":1.3990380764007569},"rotation":{"x":0.25601646304130556,"y":-0.5001268982887268,"z":0.1576700061559677,"w":0.812078058719635},"size":6.675604343414307,"orthographic":false}