{"cameraMode":{"drawMode":0,"name":"Shaded","section":"Shading Mode"},"sceneLighting":false,"audioPlay":false,"sceneViewState":{"showFog":true,"showMaterialUpdate":false,"showSkybox":true,"showFlares":true,"showImageEffects":true,"showParticleSystems":true},"in2DMode":false,"pivot":{"x":4.047224998474121,"y":1.5043954849243165,"z":-6.135817527770996},"rotation":{"x":-0.13524438440799714,"y":0.8355230093002319,"z":-0.2369234561920166,"w":-0.47694629430770876},"size":5.743382930755615,"orthographic":false}