{"cameraMode":{"drawMode":0,"name":"Shaded","section":"Shading Mode"},"sceneLighting":false,"audioPlay":false,"sceneViewState":{"showFog":true,"showMaterialUpdate":false,"showSkybox":false,"showFlares":true,"showImageEffects":true,"showParticleSystems":true},"in2DMode":false,"pivot":{"x":4.890129089355469,"y":-0.23803997039794923,"z":3.593151807785034},"rotation":{"x":0.28948748111724856,"y":-0.4617261588573456,"z":0.16249778866767884,"w":0.8225576877593994},"size":7.714218616485596,"orthographic":false}