{"cameraMode":{"drawMode":0,"name":"Shaded","section":"Shading Mode"},"sceneLighting":false,"audioPlay":false,"sceneViewState":{"showFog":true,"showMaterialUpdate":false,"showSkybox":false,"showFlares":true,"showImageEffects":true,"showParticleSystems":true},"in2DMode":false,"pivot":{"x":3.231003761291504,"y":0.14470958709716798,"z":3.3070976734161379},"rotation":{"x":0.16117024421691895,"y":-0.7695887088775635,"z":0.21483854949474336,"w":0.579925000667572},"size":5.682989597320557,"orthographic":false}