{"cameraMode":{"drawMode":0,"name":"Shaded","section":"Shading Mode"},"sceneLighting":false,"audioPlay":false,"sceneViewState":{"showFog":true,"showMaterialUpdate":false,"showSkybox":false,"showFlares":true,"showImageEffects":true,"showParticleSystems":true},"in2DMode":false,"pivot":{"x":-1.5813007354736329,"y":2.8824758529663088,"z":-0.0024595260620117189},"rotation":{"x":0.037398312240839007,"y":0.9600120782852173,"z":-0.15689632296562196,"w":0.2288358062505722},"size":4.895013332366943,"orthographic":false}