{"cameraMode":{"drawMode":0,"name":"Shaded","section":"Shading Mode"},"sceneLighting":false,"audioPlay":false,"sceneViewState":{"showFog":true,"showMaterialUpdate":false,"showSkybox":false,"showFlares":true,"showImageEffects":true,"showParticleSystems":true},"in2DMode":false,"pivot":{"x":0.009032726287841797,"y":0.009397938847541809,"z":-0.03030720353126526},"rotation":{"x":-0.3855900466442108,"y":-0.04370426386594772,"z":0.018314622342586519,"w":-0.9214761853218079},"size":1.6476173400878907,"orthographic":false}