{"cameraMode":{"drawMode":0,"name":"Shaded","section":"Shading Mode"},"sceneLighting":false,"audioPlay":false,"sceneViewState":{"showFog":true,"showMaterialUpdate":false,"showSkybox":true,"showFlares":true,"showImageEffects":true,"showParticleSystems":true},"in2DMode":false,"pivot":{"x":3.902576446533203,"y":-27.047887802124025,"z":8.106038093566895},"rotation":{"x":-0.5684142708778381,"y":-0.1690807044506073,"z":0.12056291103363037,"w":-0.7964925169944763},"size":40.6312370300293,"orthographic":false}