{"cameraMode":{"drawMode":0,"name":"Shaded","section":"Shading Mode"},"sceneLighting":false,"audioPlay":false,"sceneViewState":{"showFog":true,"showMaterialUpdate":false,"showSkybox":false,"showFlares":true,"showImageEffects":true,"showParticleSystems":true},"in2DMode":false,"pivot":{"x":-0.9736943244934082,"y":1.1927618980407715,"z":1.0510238409042359},"rotation":{"x":-0.35580208897590639,"y":-0.5014077425003052,"z":0.23656873404979707,"w":-0.7528000473976135},"size":4.685797691345215,"orthographic":false}