{"cameraMode":{"drawMode":0,"name":"Shaded","section":"Shading Mode"},"sceneLighting":false,"audioPlay":false,"sceneViewState":{"showFog":true,"showMaterialUpdate":false,"showSkybox":false,"showFlares":true,"showImageEffects":true,"showParticleSystems":true},"in2DMode":false,"pivot":{"x":-0.535294771194458,"y":0.4458475112915039,"z":0.25362586975097659},"rotation":{"x":-0.3674570620059967,"y":-0.12592314183712007,"z":0.05025207996368408,"w":-0.9204946756362915},"size":6.573233604431152,"orthographic":false}