{"cameraMode":{"drawMode":0,"name":"Shaded","section":"Shading Mode"},"sceneLighting":false,"audioPlay":false,"sceneViewState":{"showFog":true,"showMaterialUpdate":false,"showSkybox":true,"showFlares":true,"showImageEffects":true,"showParticleSystems":true},"in2DMode":false,"pivot":{"x":2.5605945587158205,"y":10.34493637084961,"z":13.290706634521485},"rotation":{"x":0.08946898579597473,"y":0.8015185594558716,"z":-0.5790664553642273,"w":0.12197772413492203},"size":29.348360061645509,"orthographic":false}