{"cameraMode":{"drawMode":0,"name":"Shaded","section":"Shading Mode"},"sceneLighting":false,"audioPlay":false,"sceneViewState":{"showFog":true,"showMaterialUpdate":false,"showSkybox":false,"showFlares":true,"showImageEffects":true,"showParticleSystems":true},"in2DMode":false,"pivot":{"x":4.8156633377075199,"y":0.9843855500221252,"z":3.7278964519500734},"rotation":{"x":0.1760040521621704,"y":-0.4118375778198242,"z":0.08193708956241608,"w":0.8907360434532166},"size":5.071792125701904,"orthographic":false}