{"cameraMode":{"drawMode":0,"name":"Shaded","section":"Shading Mode"},"sceneLighting":false,"audioPlay":false,"sceneViewState":{"showFog":true,"showMaterialUpdate":false,"showSkybox":false,"showFlares":true,"showImageEffects":true,"showParticleSystems":true},"in2DMode":false,"pivot":{"x":1.9171836376190186,"y":-0.34972524642944338,"z":-0.7435364723205566},"rotation":{"x":0.12546826899051667,"y":0.8671556711196899,"z":-0.2726695239543915,"w":0.39776670932769778},"size":4.1420769691467289,"orthographic":false}