{"cameraMode":{"drawMode":0,"name":"Shaded","section":"Shading Mode"},"sceneLighting":false,"audioPlay":false,"sceneViewState":{"showFog":true,"showMaterialUpdate":false,"showSkybox":true,"showFlares":true,"showImageEffects":true,"showParticleSystems":true},"in2DMode":false,"pivot":{"x":0.6571361422538757,"y":-0.4253504276275635,"z":2.5486488342285158},"rotation":{"x":-0.3746415674686432,"y":-0.23837406933307649,"z":0.09916465729475022,"w":-0.8909090757369995},"size":3.425902843475342,"orthographic":false}