{"cameraMode":{"drawMode":0,"name":"Shaded","section":"Shading Mode"},"sceneLighting":false,"audioPlay":false,"sceneViewState":{"showFog":true,"showMaterialUpdate":false,"showSkybox":true,"showFlares":true,"showImageEffects":true,"showParticleSystems":true},"in2DMode":false,"pivot":{"x":1457.486083984375,"y":437.370361328125,"z":-126.27587890625},"rotation":{"x":-0.1408349573612213,"y":0.02877386473119259,"z":-0.004020409192889929,"w":-0.989974856376648},"size":1971.148193359375,"orthographic":false}