{"cameraMode":{"drawMode":0,"name":"Shaded","section":"Shading Mode"},"sceneLighting":false,"audioPlay":false,"sceneViewState":{"showFog":true,"showMaterialUpdate":false,"showSkybox":false,"showFlares":true,"showImageEffects":true,"showParticleSystems":true},"in2DMode":false,"pivot":{"x":-0.5986604690551758,"y":-1.8508949279785157,"z":5.856565952301025},"rotation":{"x":-0.28543737530708315,"y":0.6866097450256348,"z":-0.3406076431274414,"w":-0.5753952860832214},"size":13.405860900878907,"orthographic":false}