{"cameraMode":{"drawMode":0,"name":"Shaded","section":"Shading Mode"},"sceneLighting":false,"audioPlay":false,"sceneViewState":{"showFog":true,"showMaterialUpdate":false,"showSkybox":true,"showFlares":true,"showImageEffects":true,"showParticleSystems":true},"in2DMode":false,"pivot":{"x":0.019629955291748048,"y":1.1385176181793213,"z":0.06870388984680176},"rotation":{"x":-0.09606027603149414,"y":0.9023193120956421,"z":-0.3242684304714203,"w":-0.2672993838787079},"size":5.2367448806762699,"orthographic":false}