{"cameraMode":{"drawMode":0,"name":"Shaded","section":"Shading Mode"},"sceneLighting":false,"audioPlay":false,"sceneViewState":{"showFog":true,"showMaterialUpdate":false,"showSkybox":true,"showFlares":true,"showImageEffects":true,"showParticleSystems":true},"in2DMode":false,"pivot":{"x":0.19215035438537599,"y":-14.467716217041016,"z":16.121828079223634},"rotation":{"x":-0.40128228068351748,"y":-0.010120424441993237,"z":0.004604015499353409,"w":-0.9162269234657288},"size":20.114561080932618,"orthographic":false}