{"cameraMode":{"drawMode":0,"name":"Shaded","section":"Shading Mode"},"sceneLighting":false,"audioPlay":false,"sceneViewState":{"showFog":true,"showMaterialUpdate":false,"showSkybox":false,"showFlares":true,"showImageEffects":true,"showParticleSystems":true},"in2DMode":false,"pivot":{"x":-0.00675860233604908,"y":2.9215171337127687,"z":5.740649700164795},"rotation":{"x":-0.35683301091194155,"y":0.014774791896343232,"z":-0.005859604105353355,"w":-0.9343622922897339},"size":3.421067237854004,"orthographic":false}