{"cameraMode":{"drawMode":0,"name":"Shaded","section":"Shading Mode"},"sceneLighting":false,"audioPlay":false,"sceneViewState":{"showFog":true,"showMaterialUpdate":false,"showSkybox":true,"showFlares":true,"showImageEffects":true,"showParticleSystems":true},"in2DMode":false,"pivot":{"x":7.2737321853637699,"y":-0.8849448561668396,"z":-0.3371354639530182},"rotation":{"x":-0.2847241163253784,"y":0.6392092108726502,"z":-0.2769126892089844,"w":-0.6589782238006592},"size":6.184100151062012,"orthographic":false}