{"cameraMode":{"drawMode":0,"name":"Shaded","section":"Shading Mode"},"sceneLighting":false,"audioPlay":false,"sceneViewState":{"showFog":true,"showMaterialUpdate":false,"showSkybox":true,"showFlares":true,"showImageEffects":true,"showParticleSystems":true},"in2DMode":false,"pivot":{"x":-7.588531494140625,"y":-4.371707916259766,"z":1.9019594192504883},"rotation":{"x":-0.3175181448459625,"y":0.4483621120452881,"z":-0.17485621571540833,"w":-0.8174307346343994},"size":19.931364059448243,"orthographic":false}