{"cameraMode":{"drawMode":0,"name":"Shaded","section":"Shading Mode"},"sceneLighting":false,"audioPlay":false,"sceneViewState":{"showFog":true,"showMaterialUpdate":false,"showSkybox":true,"showFlares":true,"showImageEffects":true,"showParticleSystems":true},"in2DMode":false,"pivot":{"x":13.370550155639649,"y":-0.7277694940567017,"z":26.830720901489259},"rotation":{"x":-0.28284403681755068,"y":-0.029326556250452997,"z":0.008802179247140885,"w":-0.959001898765564},"size":9.12024974822998,"orthographic":false}