{"cameraMode":{"drawMode":0,"name":"Shaded","section":"Shading Mode"},"sceneLighting":false,"audioPlay":false,"sceneViewState":{"showFog":true,"showMaterialUpdate":false,"showSkybox":false,"showFlares":true,"showImageEffects":true,"showParticleSystems":true},"in2DMode":false,"pivot":{"x":0.0,"y":0.1720000058412552,"z":-0.7760000228881836},"rotation":{"x":-0.35683301091194155,"y":0.014774791896343232,"z":-0.005859604105353355,"w":-0.9343622922897339},"size":7.586129188537598,"orthographic":false}